Text,Review-sentiment,Review-basic-sentiment,DeepSeek-sentiment,Gemini-sentiment,GPT-4o-sentiment,Content,Reasoning-content,Gemini-content,Gemini-reasoning-content,GPT-4o-Content
"I have a GoPro 3 camera with which the cards (64Gb and 32Gb editions) work perfect.Formatting went perfect, movie recording and picture taking without any problem for the last 6 months now.However, I tried to use it in a Contour+ and the Contour GPS and both cameras are unable to use the cards, I presume these cards do not fit the Contour specifications (unable to format, no way to record on the card).So make sure the card is compatible for its intended use.",Positive,Positive,Neutral,Negative,Positive,"```json
{
  ""sentiment"": ""Neutral"",
  ""explanation"": ""The user reports positive experience with the card in a GoPro but notes compatibility issues with Contour cameras, advising others to check specifications. The mixed feedback and lack of strong negative language result in a neutral rating.""
}
```","Okay, let's analyze the sentiment of this input. The user is talking about using SanDisk memory cards in their GoPro and Contour cameras. 

First, they mention that the cards work perfectly with their GoPro 3. They had no issues formatting, recording videos, or taking pictures over six months. That's a positive point.

But then they tried using the same cards in Contour+ and Contour GPS cameras, and those didn't work. The cameras couldn't format the cards or record on them. The user suggests checking compatibility before use. 

So there's a mix of positive and negative experiences here. However, the user isn't blaming the product; they're pointing out compatibility issues. They're advising others to ensure the card fits their device's specs. 

The overall tone isn't overly negative. They acknowledge the card's good performance with GoPro but note issues with another brand. Since they're giving a factual account without strong negative emotions, the sentiment is likely Neutral. The explanation would mention both the positive experience with GoPro and the compatibility issue with Contour, leading to a balanced view.","```json
{""sentiment"":""Negative"",""explanation"":""Worked perfectly in one camera model but failed to work in two other models.""}
```","**Sentiment Analysis: My Thought Process**

Okay, so I've been asked to analyze this text and output a JSON object with a sentiment rating and an explanation. Here's how I'm thinking about it:

1.  **Breaking it Down:** The user describes using the cards with a GoPro camera for six months. They say things like ""work perfect,"" ""Formatting went perfect,"" and ""movie recording and picture taking without any problem."" That's all very positive. But then they say the same cards *didn't* work with Contour cameras – ""unable to use,"" ""unable to format,"" etc. That's definitely negative. The ending about compatibility is neutral, just advice.

2.  **Weighing the Good and Bad:** I have to balance the positive experience with the GoPro against the negative one with the Contours. While the initial positive experience is strong and sustained, the fact that the card *failed* in multiple other devices weighs it down.

3.  **Choosing a Sentiment:** It's not Strongly Positive because of the failures, and it's not Strongly Negative because it did work perfectly in one device. It's a mixed bag. I considered Neutral, since it's a balance, but the user *tried* the cards in other devices and couldn't use them. That failure is significant. The compatibility issue doesn't change the fact that the card didn't meet expectations in those other devices. So I'm leaning towards Negative.

4.  **Formulating the Explanation:** The instructions say I *always* need an explanation, even if it's empty, and the examples are inconsistent. I'll provide a brief explanation of the mixed experience to fulfill the instruction to always provide an explanation.

5.  **Final JSON Object:** {""sentiment"": ""Negative"", ""explanation"": ""Worked well in one camera model but failed completely in two other models.""}

Okay, I think that's the best way to represent my analysis.
","{""sentiment"":""Positive"",""explanation"":""The user shares a positive experience using the cards with their GoPro 3 camera, emphasizing successful long-term use without problems, while also mentioning issues faced when attempting to use the cards with Contour cameras, turning it into an advisory note. The overall tone reflects satisfaction with compatibility and performance in the original intended use, hence a Positive sentiment.""}"
"Cameras are getting smaller and smaller at the same time their resolution is getting better and better.  In order to take full advantage of your pixels, your files get larger and larger ultimately rendering small sized picture cards less handy.  Most cameras now let you take a mini-movie which also eats up space quite quickly.This SanDisk card gives you the ability to store considerably more information in a neat small footprint.  If you do want to go with this card make sure it is compatible with your equipment.  Not every camera takes every card so you have to do some due diligence.",Positive,Positive,Neutral,Positive,Positive,"{""sentiment"":""Neutral"",""explanation"":""The text provides factual information about the benefits of the SanDisk card's storage capacity and small size, while also advising caution regarding compatibility. The tone is informative and balanced, without strong positive or negative emotions.""}","Okay, let's tackle this input. The user is talking about how cameras are getting smaller with higher resolution, leading to larger files. They mention that SanDisk cards allow storing more data in a small size. They also advise checking compatibility.

First, the sentiment. The user points out the benefits of the SanDisk card, like more storage in a small size. But there's a caution about compatibility. The main positive points are the storage capacity and size. The caution isn't negative per se, just a practical note. There's no explicit complaint or praise beyond stating features. 

Looking at examples, when there's a mix of pros and neutral info, it's usually Neutral. Like the input where someone mentions it works but needs special formatting. Here, the user is informative, highlighting both the product's strength and a consideration. No strong positive or negative emotions. So the sentiment should be Neutral.","```json
{""sentiment"":""Positive"",""explanation"":""""}
```","**Analyzing the Sentiment of This Text**

Okay, so I'm presented with this text, and I need to figure out its overall sentiment and provide a rationale.  First, I'm thinking, ""Let's break this down.""  It's talking about how camera files are getting *huge* – which, from my experience, is absolutely true.  Higher resolution, better video... it's a storage *nightmare* for some! Then, it jumps into this SanDisk card as a solution, highlighting its increased capacity.  The phrase ""considerably more information"" immediately catches my eye – that's a *strong* positive indicator.  And the ""neat small footprint""?  That's just practical, appealing to the desire for efficient storage.

Next, I'm scanning for more nuanced indicators.  ""Getting better and better"" is a clear positive reference to the *technology* causing the storage issue in the first place, leading to a de-facto positive lean towards a product that solves this issue.  Even the mention of smaller cards becoming ""less handy"" is subtly highlighting the advantage of larger options.  The focus is definitely on the *solution*.

So, where does that put us on the sentiment scale?  It's clearly positive.  It doesn't scream with exuberant praise, but it *strongly* implies that this SanDisk card offers a clear advantage. It's a pragmatic solution presented in a favorable light. It's not neutral because it actively promotes the product's benefits. It's not *strongly* positive because the language is more informative than exuberant.

My judgment is that ""positive"" is the most accurate sentiment.  The key takeaway is that the card addresses a real, growing problem with larger file sizes, and it does so by offering a practical, convenient solution.

Here's the JSON object I'd provide:

```json
{
  ""sentiment"": ""positive"",
  ""explanation"": ""The text presents the SanDisk card as a solution to the increasing storage demands of modern cameras. It highlights the card's increased capacity ('considerably more information') and its convenient size ('neat small footprint'), framing it as a beneficial and practical option.""
}
```
","```json
{""sentiment"":""Positive"",""explanation"":""The text positively describes the benefits of using a SanDisk card for storing large files and mini-movies, highlighting its convenience and capacity. Although there is a cautionary note about checking compatibility, the overall tone is positive.""}
```"
"Still going strong after a few months on my HTC phone. Did get disconnected a few times though, not sure if its due to the card or the phone. Hopefully it can last :)",Strongly Positive,Positive,Neutral,Neutral,Positive,"{""sentiment"":""Neutral"",""explanation"":""The text mentions that the card is 'still going strong' after a few months, which is positive, but also notes disconnection issues with uncertainty about the cause. The mixed feedback and unresolved concern about reliability result in a neutral sentiment.""}","Okay, let's analyze this input. The user says their SanDisk memory card is ""still going strong after a few months"" on their HTC phone. That's a positive point. However, they mention it got disconnected a few times and they're unsure if it's the card or the phone's fault. They end with a hopeful note that it lasts.

The positive aspects are the card working well for months and the hope it continues. The negative is the occasional disconnections, but since the cause is uncertain, it's not a strong negative. The overall sentiment seems mixed but leans slightly positive. But given the uncertainty and issues, Neutral might be more appropriate than Positive. The user isn't overly negative but there's a concern. So, Neutral because there's both positive and negative elements without a clear dominant sentiment.","```json
{""sentiment"":""Neutral"",""explanation"":""""}
```","**Analyzing the User's Feedback**

Okay, so I'm presented with this text about a card's performance and need to gauge the sentiment. Let's break it down: ""Still going strong after a few months"" – that's definitely a positive start. It's working well, which is great to see. The fact that it's lasted for a few months implies some level of durability, which is another point in its favor.

However, there's a hitch: ""Did get disconnected a few times though.""  That's a potential issue, a negative point. But crucially, the user isn't sure if the problem stems from the card itself or the phone.  This uncertainty softens the blow a bit. The user adds, ""Hopefully it can last,"" which shows they're cautiously optimistic.

Weighing the positives against the negative, I'd say the overall sentiment leans toward **Neutral**.  While the card *has* been working well, the reported disconnections and the underlying uncertainty temper the initial positivity. The ""Neutral"" rating accurately reflects the mixed feedback and acknowledges the potential for future issues. Ultimately, it’s a case of ""so far, so good"" with a healthy dose of ""we'll see."" I would output something like:
```json
{
  ""sentiment"": ""Neutral"",
  ""explanation"": ""The card has performed well for several months, however there were reported disconnections whose cause is unknown. There is cautious hope for continued positive performance.""
}
```
","```json
{""sentiment"":""Positive"",""explanation"":""The overall sentiment is positive as the user indicates satisfaction with the card's performance over a few months. Although there have been disconnections, the user is uncertain about the cause and remains hopeful about the card's longevity.""}
```"
Great storage size. Being the first adopter when it came out. Thought the sale price $119 is excellent. Got duped. It's been the same price since it was first introduced. Great for the action cam. Battery ran out before it ran out of memory.,Strongly Positive,Positive,Negative,Positive,Positive,"{""sentiment"":""Negative"",""explanation"":""The user expresses positive aspects like 'Great storage size' and functionality with the action cam, but the strong negative feeling of being 'duped' due to the unchanging price and initial perceived value disappointment shifts the sentiment to Negative.""}","Okay, let's analyze this input step by step. The user starts by mentioning ""Great storage size,"" which is a positive point. They also refer to themselves as the first adopter and thought the sale price of $119 was excellent. However, they then say ""Got duped,"" indicating a negative feeling, because the price hasn't changed since introduction. They mention it's great for the action cam and that the battery died before the memory was full, which is a practical positive but maybe a minor point.

The initial positive aspects are countered by the feeling of being misled about the price. The negative emotion from feeling duped seems strong, but the user still acknowledges the product's effectiveness. However, the overall sentiment is more on the negative side because the main issue is the price deception. But the user also has some positive remarks. However, the term ""duped"" is quite strong, leading towards a negative sentiment. Yet, they end with a positive note about the product's performance. But the primary issue here is the perceived deception, which might tip the sentiment to Negative rather than Neutral. The presence of both positive and negative aspects but with a stronger negative emotion due to feeling tricked.","```json
{""sentiment"":""Positive"",""explanation"":""""}
```","**My Analysis of the Customer Feedback**

Okay, so I've been tasked with dissecting the sentiment of this text and spitting out a JSON object with a rating and explanation.  Here's what's going through my mind:

The core of the feedback seems to revolve around a product's storage capacity, price, and performance with an action cam. Let's break it down: ""Great storage size"" - definitely positive.  The price?  That's where things get interesting.  Initially, they thought the ""$119 sale"" was excellent, but then they realized it's always been that price.  Definitely a hit of disappointment there.  On the flip side, the performance comment about the action cam, ""Great for the action cam. Battery ran out before it ran out of memory,"" *that's* the gold! That's strong, that's real-world usability praise.

So, I'm weighing the positive and negative aspects. The ""duped"" feeling about the price is definitely a mark against it, but the functional praise - the ample storage, the exceptional performance with the action cam, and the fact that the battery died before the memory filled up - *that* is what really stands out. Given the weight of that performance-based positivity, I'm leaning strongly positive.  It's more than just a regular positive review. The user's impressed with what they *can* do with it.  The disappointed price sentiment is definitely there, but it is minor compared to how effective the storage and performance are.

My final thought: This is going to be classified as **Positive**. The performance-based positive elements are the dominant sentiment drivers here, despite the marketing disappointment.
","```json
{""sentiment"":""Positive"",""explanation"":""The text expresses satisfaction with the storage size and its performance with the action cam, even though there is a disappointment about the price not being a sale deal. The positive aspects of the product overshadow the issue with the pricing.""}
```"
It work great in my Asus Tablet for 3 months then it just completely died. It was not recognized by any of my devices. It had just died.I have RMA'd it to Sandisk. The prcess was painless and my replacement should arrive within a few days. They emailed me a return label thru UPS and sent it off last week.When it worked the performance was great and access times were very fast. No lag in reading and writing data.If you get this just make sure you have a back up of your data incase of failure. Had my Tablet synced to my cloud service so I did not lose anything. I have purchased other Sandisk items and have never had a issue.,Positive,Positive,Negative,Negative,Neutral,"```json
{""sentiment"":""Negative"",""explanation"":""The product failed after 3 months, requiring a replacement, which introduces significant inconvenience despite the smooth RMA process. While performance was praised when functional, the unexpected failure and need for backup caution contribute to a negative sentiment, tempered slightly by efficient customer service.""}
```","Okay, let's analyze this input. The user says the product worked great for 3 months but then died completely. They had to RMA it, but the process was painless and they're getting a replacement. They also mention that performance was great when it worked, with fast access times and no lag. However, they advise having a backup due to the failure. They note that other SanDisk products haven't had issues.

The sentiment here is mixed. On one hand, the product failed, which is a negative point. But the replacement process was smooth, and the performance was good when it worked. The user also ends with a positive note about other SanDisk items. However, the main issue of the product failing after a short time is significant. The overall tone isn't entirely negative because of the effective customer service and prior good performance, but the failure is a major drawback. Considering the examples given, similar cases where the product failed but support was helpful often resulted in Neutral or Positive. However, in some cases, if the failure is severe and the user had significant issues, it might be Negative. But here, the user acknowledges the good aspects, so maybe Negative. Wait, looking at previous examples, when a product failed but was replaced without hassle, like the input where they had to replace under warranty and the new one worked, the sentiment was Positive. But in another case where the card died and they had to replace, the sentiment was Strongly Negative. Hmm. Wait, in one example, after replacement, the sentiment was Positive. But in this case, the user's main experience is a failure, even though the RMA was smooth. The key might be the overall impact. The user still had to go through the hassle of failure, even though support was good. The initial problem is a big negative. Also, the user mentions that other SanDisk items are fine, but this one failed. The advice to back up data implies a lack of reliability. The sentiment here might lean towards Negative because the product failed, but the positive customer service balances it a bit. However, compared to the example where after replacement it worked, which was Positive, here the replacement is pending. The user's experience is negative due to the failure, but the support was good. So maybe Negative rather than Strongly Negative because the support was helpful. Let me check the examples again. For instance, the input where the card died after 3 weeks and they got a refund, the output was Strongly Negative. Another where after replacement it was fixed was Positive. Here, the user mentions the failure, but the RMA process was smooth. The overall sentiment is more Negative than Neutral because the product failed, but the customer service was good. However, the failure is a major issue. The user still advises caution. In the examples, even with a replacement, if the product failed quickly, the sentiment was Strongly Negative. In this case, the user had to RMA, the product died, but they are getting a replacement. The explanation includes both positive and negative points. However, the failure is a significant negative. Comparing to the example where the card died after 3 weeks and got a refund, which was Strongly Negative. Here, the user's tone is somewhat balanced but the core issue is product failure. So perhaps the sentiment is Negative. Alternatively, since the user had to go through the hassle and the product failed, but the support was good, maybe Negative. Let me see another example. For instance, in the input where the user had a problem but then the replacement worked, the sentiment was Positive. But here, the replacement is pending. The user's current experience is mixed but leans negative because the product failed. Therefore, the sentiment should be Negative. The explanation would mention the product failure but also note the smooth RMA process and good performance when it worked.","```json
{""sentiment"":""Negative"",""explanation"":""The product failed completely after only 3 months, requiring an RMA, despite working well initially.""}
```","**My Assessment of this Text's Sentiment**

Okay, so I'm being asked to analyze the sentiment of this text and give it a rating on a 5-point scale. Seems straightforward. It's about a product, and the user's experience is a mix of good and bad.  Let's see, I need to output a JSON object with the `sentiment` and `explanation`.

From the text, it sounds like the product initially performed really well.  They mention ""great"" and ""very fast"" performance, which is certainly positive.  And the RMA process was ""painless,"" which is always a bonus.  But the critical thing here is that the product completely failed – ""died"" after only three months. That's a huge issue, no matter how good the initial performance or the RMA process.  It's a serious reliability concern.  The user even warns about backing up data, which underlines the severity of the failure.

While the RMA experience is positive, it doesn't outweigh the fact that the product failed prematurely.  It was a good experience, but they had to have a good experience *because* the product failed. The positive aspects are overshadowed by the reliability issue. If a product fails that quickly it means there's a serious issue with it.

So, while I appreciate the smooth RMA and the product's performance when it was working, the sentiment has to be **Negative**.  The explanation should highlight the short lifespan of the product and the resulting need for the RMA, despite the positive aspects.
","```json
{
  ""sentiment"": ""Neutral"",
  ""explanation"": ""The text describes both a positive and a negative experience. Initially, the product worked well with great performance and fast access times, but it eventually failed after three months. The user appreciated the painless RMA process with Sandisk and did not lose data due to a backup. Overall, the experience balances out to a neutral sentiment.""
}
```"
"Works great in my modern phone and tablet. However I was unable to use it on my PC's SD card reader. It appears the older card readers are not compatible with Class 10 as both my new cards could not be written to without the operating system (Win7) reporting write errors.I probably should blame the card reader, but it never failed me until trying to write to this card.",Positive,Positive,Negative,Negative,Neutral,"{""sentiment"":""Negative"",""explanation"":""The user reports the card works well in modern devices but experiences write errors with an older PC card reader. While acknowledging potential compatibility issues, the frustration with functionality problems leads to a Negative sentiment.""}","Okay, let's tackle this sentiment analysis. The input is about a memory card that works well in a phone and tablet but has issues with an older PC SD card reader. The user mentions write errors on Windows 7 and considers blaming the reader but still points out the problem with the card.

First, the positive aspects: ""Works great in my modern phone and tablet."" That's a strong positive point. The user is satisfied with its performance in those devices. 

Then the negative part: issues with the PC's older card reader causing write errors. They acknowledge that the reader might be the problem, but the card is the common factor since both new cards failed. There's some frustration here but not as severe as other examples. 

Comparing to previous examples, when a product works partially but has issues elsewhere, the sentiment often leans neutral or negative. For instance, a Neutral rating was given when a card worked but had speed issues. However, here, the user is experiencing functional problems (write errors) which are more severe. But they do consider the possibility that the reader is at fault. 

In the example where a user had issues but the problem was resolved with a replacement, the sentiment was Positive. However, here the issue isn't resolved, and there's an inconvenience. The user is frustrated but not entirely blaming the product. 

Another similar case was ""I do not get the advertised speed... but it works for storage."" That was Neutral. Here, the write errors are more impactful but the user's uncertainty about the cause might mitigate the negativity. 

The mention of ""probably should blame the card reader"" shows the user is unsure, so the negative sentiment towards the product isn't absolute. However, the problem still exists, leading to some dissatisfaction. 

Looking at the scale: Strongly Negative is for major issues and strong complaints. Negative is for clear issues but less intensity. Neutral when mixed or balanced. 

In this case, the user has both positive and negative points. The main issue is with compatibility, which might not be entirely the card's fault. Since the user's complaint is tempered by acknowledging possible other causes, but still reports a problem, the sentiment might be Negative. But another angle is that the product works where intended (phone/tablet) but not in an older reader, so maybe Neutral. 

Wait, the example where the user said ""I do not get the advertised speed... but for a phone it works"" was Neutral. Here, the user's main use case (phone and tablet) is fine, but the PC issue is a secondary problem. So the primary function is good, secondary is problematic. That could lead to a Neutral. However, the write errors are a functional problem, which is more severe than just slow speed. 

Alternatively, since the product works in intended devices but not in an older one, and the user is somewhat blaming the reader, but still the card is part of the issue, maybe Negative. But considering the primary use is okay, maybe Neutral. 

Wait, in the example where the user had to format but couldn't and returned it, that was Negative. Here, the user is having write errors but still uses it in the phone. The frustration is there but not as strong as a complete failure. 

I think the sentiment here is Negative. The user is expressing a problem that affects their experience, even if partially. The positive aspect is present but the negative issue (write errors) is significant enough to lower the sentiment. The explanation would mention the good performance in primary devices but issues with older readers causing write errors, leading to a Negative rating.","```json
{""sentiment"":""Negative"",""explanation"":""""}
```","**My Analysis of the User's Feedback**

Okay, I've got the text. The user wants me to assess its sentiment and deliver a JSON response. Let's break this down.

First, I need to look at the text itself. The user mentions that the card ""Works great"" in modern devices, which is obviously a positive sign. However, the rest of the text paints a less rosy picture. The card doesn't play nice with their PC's card reader, throwing ""write errors"" and generally causing problems. They even suspect the card itself, mentioning it's ""never failed me until trying to write to this card.""

Next, I need to figure out the primary sentiment. There are conflicting pieces here – positive and negative. While the card functions in newer gadgets, the critical issue is that it's failing in a common scenario: transferring data via PC. This is a significant limitation.

Now for the rating. ""Works great"" is positive, but the subsequent issues with the card reader are definitely negative. The fact it works *somewhere* stops it from being *strongly* negative, but the complete failure to operate in another common use case (data transfer from a PC) stops it from being *positive* or *strongly positive*. It's not *neutral* since there's a definite problem with the card. Therefore, I believe ""Negative"" is the most accurate. The user's inability to use the card in a standard workflow, transferring data via PC, outweighs the card's success in other situations.

Finally, I need to format the output as a JSON object with ""sentiment"" and ""explanation"" keys, as per the examples. Based on the examples, the ""explanation"" key should be an empty string.
","```json
{""sentiment"":""Neutral"",""explanation"":""The sentiment is neutral because the review acknowledges the card works well with modern devices but notes compatibility issues with older PC card readers. The user is not overly negative about the card itself, suggesting possible blame on the older hardware instead.""}
```"
"I purchased 2 of these, 1 for my HTC Incredible phone and the other for use in a key chain storage device. Both of these cards run very very hot.  After copying over 4GB of files, it was almost scalding to the touch.  But both have been reliable with only a few issues of reading them, both times in the thumb drive adapter, so that may have been at fault and not the card itself.",Positive,Positive,Negative,Negative,Neutral,"{""sentiment"":""Negative"",""explanation"":""The user reports the cards running very hot and experiencing some reliability issues, though they acknowledge the adapter might be at fault. The significant concern about overheating and partial reliability issues leads to a Negative rating, despite some tempered positivity about overall functionality.""}","Okay, let's analyze this input. The user bought two cards, one for their phone and another for a keychain storage. They mention that both cards run very hot, almost scalding after transferring 4GB of files. However, they note that the cards have been reliable except for a few reading issues in the thumb drive adapter, which might not be the card's fault.

The sentiment here is mixed. The negative points are the cards getting extremely hot and some read issues. The positive aspect is that they've been reliable otherwise, and the user acknowledges the adapter might be the problem. The heat issue is a significant concern, but the reliability and possible external causes for the problems balance it a bit. Still, the strong negative aspect of the heat makes me lean towards Negative rather than Neutral. The user's frustration with the heat and issues, even if partially excused, suggests a Negative sentiment.","```json
{""sentiment"":""Negative"",""explanation"":""""}
```","**My Analysis of the User's Feedback**

Okay, I've got the text. The user is describing their experience with some cards they purchased. My initial thought process is this: the task is straightforward; I need to assess the sentiment expressed and articulate it in a concise JSON format. I'll need to really delve into the specifics to get this right.

First, I need to break down the user's feedback. They bought two cards, and right off the bat, a major red flag pops up: they get *very, very hot*, almost scalding. That's a huge negative, a dealbreaker almost. It instantly screams potential issues with cooling, which could lead to performance throttling or even failure.

Then, I have to weigh that against the positive: they say the cards have been *reliable*.  That's important. It suggests that despite the concerning heat, they've generally functioned as intended.  They also mention a few reading issues, potentially caused by the adapter. This makes the situation a little more complex.

My internal debate centers around the balance. While reliability is positive, the heat issue is a substantial negative. The reading problems, even if attributed to the adapter, contribute to a mixed overall picture. The wording used (""very, very hot"", ""almost scalding"") makes it clear the heat is not just warm - it's extreme, and potentially damaging.

Considering the rating options, ""Strongly Positive"" is immediately out. The heat precludes that. ""Positive"" is also off the table. ""Neutral"" wouldn't be right either, given the severity of the heat. ""Negative"" is the best fit, but it's borderline. ""Strongly Negative"" is a possibility, but the mention of reliability and the adapter issue somewhat mitigate that. Ultimately, ""Negative"" is the most accurate reflection of the sentiment.

The explanation must mention the significant heat issue as the primary negative and the mixed experience with reliability/reading. It's a key detail.
","{""sentiment"":""Neutral"",""explanation"":""The reviewer notes a significant issue with the cards running very hot but also mentions that they have been reliable overall with only a few reading issues. The mention of the thumb drive adapter potentially being at fault suggests that the reader acknowledges a possibility outside of the card being the problem. Therefore, the overall sentiment is balanced, containing both positive (reliable performance) and negative (heat and occasional reading problems) aspects, leading to a neutral rating.""}"
This is just great. but the damned thing is really small. I had one before but I put it down and lost it for good.,Strongly Positive,Positive,Negative,Negative,Positive,"{""sentiment"":""Negative"",""explanation"":""The initial positive remark ('great') is overshadowed by frustration with the product's small size and the user's personal experience of losing it, contributing to an overall negative sentiment.""}","Okay, let's tackle this sentiment analysis. The input is: ""This is just great. but the damned thing is really small. I had one before but I put it down and lost it for good."" 

First, I'll break it down. The user starts with ""This is just great."" That's a positive statement. However, the next part says ""but the damned thing is really small."" The word ""damned"" is a negative modifier, indicating frustration about the size. Then they mention losing the previous one, which adds a negative experience.

So there's a mix of positive and negative elements. The initial positive sentiment is immediately contrasted with a negative point. The loss of the item also contributes to the negative feeling. However, the user still calls it ""great,"" which is strong. But the negatives might outweigh the positive here. 

Looking at the scale: Strongly Positive, Positive, Neutral, Negative, Strongly Negative. The user's frustration with the size and losing it could push the sentiment to Negative. The positive ""great"" is countered by the negatives. Maybe overall Negative because the complaints are significant despite the initial praise.","```json
{""sentiment"":""Negative"",""explanation"":""""}
```","**My Sentiment Analysis: Leaning Negative**

Okay, so I'm looking at this text, and I need to figure out the overall sentiment. Initially, the phrase ""just great"" jumps out – that's definitely positive. But then it goes downhill quickly. The fact that the thing is ""really small"" and I ""lost it for good"" is a major problem, a real practical concern.

I have to weigh those initial positives against the negatives. Sure, ""great"" is nice, but the size problem is the focus. It's not just a minor inconvenience; losing it ""for good"" implies a significant consequence directly related to the size.

I'm thinking ""Negative"" is the most accurate sentiment. It's similar to examples I've seen before, describing things like slowness or failing. While the core of this sentiment isn't directly the product's function, it's definitely product dissatisfaction rooted in a practical issue – the small size made it easy to lose, and that's a negative user experience. The emphasis is on the problem, not the initial ""greatness.""
","```json
{""sentiment"":""Positive"",""explanation"":""The user expresses satisfaction with the product by stating 'This is just great,' which indicates a positive sentiment. However, they express a minor complaint about the product's size, mentioning it's 'really small,' and that they lost it, which slightly tempers their enthusiasm.""}
```"
"more like 8mb/s in my Note 10.1 and that's using SanDisk's own app. A bit faster in my Note II, but still a disappointment for devices with quad core processors. Not sure if it's the card or the device, so benefit of the doubt.",Negative,Negative,Neutral,429 RESOURCE_EXHAUSTED,Negative,"{""sentiment"":""Neutral"",""explanation"":""The user expresses disappointment with the card's performance speed but acknowledges uncertainty about whether the issue is due to the card or the device, giving 'benefit of the doubt.' This mix of negative experience and tempered criticism results in a neutral sentiment.""}","Okay, let's analyze this input. The user is talking about their experience with a SanDisk memory card in their Note 10.1 and Note II devices. They mention that the transfer speed is around 8mb/s using SanDisk's app, which they find disappointing, especially considering the devices have quad-core processors. They end by saying they're not sure if it's the card or the device, so they give the benefit of the doubt.

First, the key sentiment indicators here are ""disappointment"" and ""a bit faster...but still a disappointment."" These are negative emotions. However, the user also expresses uncertainty about whether the issue is with the card or the device and gives the benefit of the doubt. This uncertainty might temper the negativity a bit.

Looking at the examples provided, when there's a mix of negative aspects but some uncertainty or mitigating factors, the sentiment can sometimes be Neutral. For instance, in one of the examples where the user mentions slow speeds but isn't sure if it's the card's fault, the sentiment was Neutral. Similarly, another example where the user had issues but ended up with a working replacement was Neutral.

In this case, the user is clearly disappointed with the performance but isn't placing full blame on the product. The phrase ""benefit of the doubt"" suggests they're not entirely condemning the card. Therefore, the sentiment might not be strongly negative but rather Neutral. The Negative elements are present but balanced by the uncertainty expressed. So, the appropriate rating here is Neutral.","Error: 429 RESOURCE_EXHAUSTED. {'error': {'code': 429, 'message': 'You exceeded your current quota. Please migrate to Gemini 2.0 Flash Preview (Image Generation) (models/gemini-2.0-flash-preview-image-generation) for higher quota limits. For more information on this error, head to: https://ai.google.dev/gemini-api/docs/rate-limits.', 'status': 'RESOURCE_EXHAUSTED', 'details': [{'@type': 'type.googleapis.com/google.rpc.QuotaFailure', 'violations': [{'quotaMetric': 'generativelanguage.googleapis.com/generate_requests_per_model', 'quotaId': 'GenerateRequestsPerMinutePerProjectPerModel', 'quotaDimensions': {'location': 'global', 'model': 'gemini-2.0-flash-exp'}, 'quotaValue': '10'}]}, {'@type': 'type.googleapis.com/google.rpc.Help', 'links': [{'description': 'Learn more about Gemini API quotas', 'url': 'https://ai.google.dev/gemini-api/docs/rate-limits'}]}, {'@type': 'type.googleapis.com/google.rpc.RetryInfo', 'retryDelay': '34s'}]}}",,"```json
{""sentiment"":""Negative"",""explanation"":""The user expresses disappointment with the performance of the card, mentioning slower than expected transfer speeds on their devices. Although they offer the benefit of the doubt regarding whether the issue is with the card or the device, the overall tone is negative due to unmet expectations.""}
```"
"I bought this to put in my Olympus PEN E-PM1 camera which takes a standard SD card. Therefore it must go into the adapter to be put into the camera.  Unfortunately there is something touchy about this. Sometimes I turn the camera on and get a card error. Sometimes I can pop the card out and back in and it'll work. This past weekend I couldn't get it to work at all.  I'm guessing it's the camera. Or maybe the adapter?  When I plugged the card and adapter into my computer to copy the pictures off, it worked perfectly. So I'm not sure what the problem is. I make sure to always carry a spare ""normal"" SD card with my camera in case this one stops working.",Negative,Negative,Neutral,Negative,Negative,"```json
{
  ""sentiment"": ""Neutral"",
  ""explanation"": ""The user reports intermittent issues with the card/adapter in their camera, causing errors, but acknowledges the card works reliably when connected to a computer. The mixed experience and uncertainty about the root cause (camera vs. adapter vs. card) lead to a neutral assessment despite the inconvenience.""
}
```","Alright, let's tackle this sentiment analysis. The user input is about a memory card used in a camera with some issues. The person bought a SanDisk microSD card with an adapter for their Olympus camera. They mention that sometimes the camera gives a card error, requiring them to reseat the card. Over a weekend, it didn't work at all, but when connected to a computer, it worked fine. They're unsure if the issue is the camera, adapter, or card and now carry a spare SD card.

First, identify key positive and negative points. Positive: The card works when connected to the computer, and they managed to copy pictures. Negative: Intermittent errors in the camera, leading to inconvenience. However, the user isn't entirely blaming the product; they consider possible causes (camera or adapter) and haven't had issues with the computer. This uncertainty and mixed experience suggest a neutral sentiment. There's a problem, but it's not definitively the card's fault. The user's tone isn't overly negative, just reporting issues with possible external factors. The Neutral rating fits because they're not entirely dissatisfied but have faced problems that affect their experience.","```json
{""sentiment"":""Negative"",""explanation"":""""}
```","**Analyzing the Frustrating Unreliability**

Okay, so I'm being asked to figure out the sentiment here. It's a tricky one. I'm presented with a scenario about a micro SD card and adapter, and the core issue is its performance in a camera. While it works perfectly fine on a computer, *that's not its primary function*. The user is experiencing persistent problems – card errors, intermittent functionality – when using it *in the camera*.

My initial thought is this: the fact that it works elsewhere is almost irrelevant. The primary use case, the function I'm *meant* to rely on, is failing. This leads me to believe the sentiment is negative. While I can't definitively *prove* the card or adapter is faulty, the *experience* itself is frustrating. Needing to re-insert it, and especially having to carry a spare, are clear indicators of unreliability. These issues impact the user's primary use case and lead to frustration.

Even if the camera or adapter is the problem, the outcome is the same: the card/adapter is unreliable *in my camera*. That means my experience is negative, and that's the sentiment I'm going with.
","{""sentiment"":""Negative"",""explanation"":""The text describes an unreliable experience using the card in the camera, citing intermittent errors and the need to carry a spare SD card due to the card's inconsistency. While the card works in the computer, the overall experience with the camera is problematic, leading to a negative sentiment.""}"
"I had wanted to get the most I can out of my hero3, At the time I got my hero3 this was the recommended card, but there were many problems with people having issues with it. Since then Gopro has endorsed other card and from what I understand changed the firmware to prevent problems.... The problems is only with the 64gb version, from what I read the 32gb and lower versions are ok...",Strongly Negative,Negative,Neutral,Negative,Negative,"```json
{""sentiment"":""Neutral"",""explanation"":""The input mentions known issues with the 64GB version of the card but clarifies that smaller capacities are acceptable. The tone is informational rather than expressing personal dissatisfaction, as the user references firmware fixes and GoPro's updated endorsements without indicating direct negative experiences.""}
```","Okay, let's tackle this sentiment analysis. The input here is a user talking about their experience with a 64GB memory card for a GoPro Hero3. They mention that it was the recommended card at the time but had issues. They note that GoPro has since endorsed other cards and updated firmware to prevent problems, specifically pointing out that the 64GB version had issues while 32GB and lower are okay.

First, I need to determine the overall sentiment. The user starts by stating they wanted the best for their camera and initially got the recommended card. However, they then mention problems that others experienced. The key here is that the user isn't directly reporting a personal negative experience but is referring to known issues with the 64GB version. They also mention that GoPro addressed the problem with firmware and now endorses other cards, implying that the 64GB might still be problematic.

The user isn't expressing personal dissatisfaction but is providing cautionary information. They highlight that lower capacity cards are okay, which could be a helpful note for others. There's no strong positive or negative emotion here; it's more of an informative statement. The mention of problems is balanced with the resolution (firmware update) and clarification about other sizes. So the sentiment is likely Neutral because there's no direct complaint or endorsement, just factual information about past issues and current status.","```json
{""sentiment"":""Negative"",""explanation"":""""}
```","**My Analysis of the Text's Sentiment**

Okay, so I've got a text snippet to analyze. My goal here is to perform a sentiment analysis and categorize it as Strongly Positive, Positive, Neutral, Negative, or Strongly Negative. The final output needs to be in a JSON format with keys for ""sentiment"" and ""explanation."" The explanation can be empty, which is a common approach.

Based on the information, it's clear the subject is a memory card, specifically a 64GB version. Initially, this card was recommended, but a specific device, the hero3, had ""many problems"" with it. The fact that the manufacturer, Gopro, later endorsed different memory cards and released firmware updates to address the issue with the card and the device clearly suggests this specific 64GB card was problematic.

The text *contrasts* this 64GB version with other sizes, which are implied to work fine. The focus of the text is really the negative experience users had with *this* particular 64GB card within the context of the hero3. Because the manufacturer eventually suggested a different card type and updated firmware suggests that the fault lies with the 64GB card that was being discussed. The fact that the manufacturer took corrective action reinforces the negative connotation.

Taking all that into account, I'm confident I can say the overall sentiment is **Negative**. I'll generate the JSON output accordingly.
","{""sentiment"":""Negative"",""explanation"":""The review discusses issues associated with using a specific memory card with the GoPro Hero3 camera. Although the reviewer highlights that the problems are mainly with the 64GB version and not the smaller capacities, the overall tone suggests dissatisfaction and problems with the recommended product. The reference to many people experiencing issues contributes to the negative sentiment.""}"
